<?xml version="1.0" encoding="UTF-8"?>
<project-private xmlns="http://www.netbeans.org/ns/project-private/1">
    <editor-bookmarks xmlns="http://www.netbeans.org/ns/editor-bookmarks/2" lastBookmarkId="0"/>
    <open-files xmlns="http://www.netbeans.org/ns/projectui-open-files/2">
        <group>
            <file>file:/C:/Users/Daniel%20Gutierrez/Desktop/LabMoviles/Frontend/web/funciones/productos.js</file>
            <file>file:/C:/Users/Daniel%20Gutierrez/Desktop/LabMoviles/Frontend/src/java/Controlador/ProductoServlet.java</file>
            <file>file:/C:/Users/Daniel%20Gutierrez/Desktop/LabMoviles/Frontend/web/productos.jsp</file>
        </group>
    </open-files>
</project-private>
